{
 "BranchTotal": 29498,
 "BranchCovered": 18475,
 "BranchMissed": 11023,
 "BranchCoverage": 62.631364838294125,
 "ClassTotal": 4542,
 "ClassCovered": 3783,
 "ClassMissed": 759,
 "ClassCoverage": 83.2892998678996,
 "ComplexityTotal": 55282,
 "ComplexityCovered": 36128,
 "ComplexityMissed": 19154,
 "ComplexityCoverage": 65.35219420426178,
 "InstructionsTotal": 579217,
 "InstructionsCovered": 452038,
 "InstructionsMissed": 127179,
 "InstructionCoverage": 78.04294418154163,
 "LineTotal": 122999,
 "LineCovered": 94176,
 "LineMissed": 28823,
 "LineCoverage": 76.56647615021261,
 "MethodTotal": 40264,
 "MethodCovered": 29434,
 "MethodMissed": 10830,
 "MethodCoverage": 73.10252334591695
}